{"accuracy": 0.9789227166276346, "roc_auc": 0.9948808545124859, "classification_report": {"0": {"precision": 0.9794392523364486, "recall": 0.9868173258003766, "f1-score": 0.9831144465290806, "support": 531.0}, "1": {"precision": 0.9780564263322884, "recall": 0.9659442724458205, "f1-score": 0.9719626168224299, "support": 323.0}, "accuracy": 0.9789227166276346, "macro avg": {"precision": 0.9787478393343685, "recall": 0.9763807991230986, "f1-score": 0.9775385316757552, "support": 854.0}, "weighted avg": {"precision": 0.9789162396908471, "recall": 0.9789227166276346, "f1-score": 0.9788965999304292, "support": 854.0}}}